asset_id,run_id,model,fold,ljung_box_pvalue,aic,bic,parameter_count
crypto:BTC-USD,20260928T054600014613Z-2646b062,last_value,1,6.14076287983545e-05,,,
crypto:BTC-USD,20260928T054600014613Z-2646b062,drift,1,0.028133052037676843,,,
crypto:BTC-USD,20260928T054600014613Z-2646b062,seasonal_naive,1,5.3369123482676677e-05,,,
crypto:BTC-USD,20260928T054600014613Z-2646b062,exponential_smoothing,1,0.031215409354144952,1499.6309574163138,1510.051638160266,
crypto:BTC-USD,20260928T054600014613Z-2646b062,holt_winters,1,0.02458186543225263,1516.0562442364471,1544.7131162823162,
crypto:BTC-USD,20260928T054600014613Z-2646b062,arima,1,6.140359909294334e-05,1748.6574355120417,1753.827370469383,
crypto:BTC-USD,20260928T054600014613Z-2646b062,sarima,1,5.2470013209516106e-05,1618.1285290622309,1625.6611075817814,
crypto:BTC-USD,20260928T054600014613Z-2646b062,ridge,1,2.971012296285963e-05,,,
crypto:BTC-USD,20260928T054600014613Z-2646b062,lasso,1,2.9051477642851527e-05,,,
crypto:BTC-USD,20260928T054600014613Z-2646b062,random_forest,1,6.091855165276619e-05,,,
crypto:BTC-USD,20260928T054600014613Z-2646b062,xgboost,1,6.14076287983545e-05,,,
crypto:BTC-USD,20260928T054600014613Z-2646b062,rnn,1,0.0003052429105366878,,,33.0
crypto:BTC-USD,20260928T054600014613Z-2646b062,lstm,1,6.097416649649544e-05,,,117.0
crypto:BTC-USD,20260928T054600014613Z-2646b062,gru,1,3.631259467316003e-05,,,89.0
crypto:BTC-USD,20260928T054600014613Z-2646b062,last_value,2,0.0003207980686003897,,,
crypto:BTC-USD,20260928T054600014613Z-2646b062,drift,2,4.565780996761677e-06,,,
crypto:BTC-USD,20260928T054600014613Z-2646b062,seasonal_naive,2,0.036685566564307256,,,
crypto:BTC-USD,20260928T054600014613Z-2646b062,exponential_smoothing,2,4.290406730494256e-06,1802.218923076633,1813.3688900477612,
crypto:BTC-USD,20260928T054600014613Z-2646b062,holt_winters,2,6.188667787103029e-05,1822.8262639245665,1853.4886730951691,
crypto:BTC-USD,20260928T054600014613Z-2646b062,arima,2,0.00032043802988718104,2107.454737717606,2112.9961069665374,
crypto:BTC-USD,20260928T054600014613Z-2646b062,sarima,2,0.0007878483045642223,1977.3846778514142,1985.5132684553512,
crypto:BTC-USD,20260928T054600014613Z-2646b062,ridge,2,0.0011119775387835795,,,
crypto:BTC-USD,20260928T054600014613Z-2646b062,lasso,2,0.0011047489909322213,,,
crypto:BTC-USD,20260928T054600014613Z-2646b062,random_forest,2,3.196054975707011e-05,,,
crypto:BTC-USD,20260928T054600014613Z-2646b062,xgboost,2,0.00015292450895986086,,,
crypto:BTC-USD,20260928T054600014613Z-2646b062,rnn,2,0.000842241097101431,,,33.0
crypto:BTC-USD,20260928T054600014613Z-2646b062,lstm,2,0.002598110538961399,,,117.0
crypto:BTC-USD,20260928T054600014613Z-2646b062,gru,2,0.00575376298469746,,,89.0
crypto:BTC-USD,20260928T054600014613Z-2646b062,last_value,3,1.6973183320535183e-05,,,
crypto:BTC-USD,20260928T054600014613Z-2646b062,drift,3,2.3732183831685594e-05,,,
crypto:BTC-USD,20260928T054600014613Z-2646b062,seasonal_naive,3,0.017076642396164826,,,
crypto:BTC-USD,20260928T054600014613Z-2646b062,exponential_smoothing,3,2.576338150267065e-05,2108.610730444571,2120.377300135008,
crypto:BTC-USD,20260928T054600014613Z-2646b062,holt_winters,3,0.0001027231049441563,2123.1606790414608,2155.518745690163,
crypto:BTC-USD,20260928T054600014613Z-2646b062,arima,3,1.6973491319264307e-05,2469.4161108064764,2475.270618176791,
crypto:BTC-USD,20260928T054600014613Z-2646b062,sarima,3,1.590706235334864e-05,2340.4912086359336,2349.1168006055373,
crypto:BTC-USD,20260928T054600014613Z-2646b062,ridge,3,1.623824451117727e-05,,,
crypto:BTC-USD,20260928T054600014613Z-2646b062,lasso,3,1.6454256966246925e-05,,,
crypto:BTC-USD,20260928T054600014613Z-2646b062,random_forest,3,1.2319546778869716e-05,,,
crypto:BTC-USD,20260928T054600014613Z-2646b062,xgboost,3,1.6973183320535183e-05,,,
crypto:BTC-USD,20260928T054600014613Z-2646b062,rnn,3,1.5861246730530893e-05,,,33.0
crypto:BTC-USD,20260928T054600014613Z-2646b062,lstm,3,1.8141502572148514e-05,,,117.0
crypto:BTC-USD,20260928T054600014613Z-2646b062,gru,3,1.6808246070805658e-05,,,89.0
crypto:BTC-USD,20260928T054600014613Z-2646b062,arima,0,2.725551913413295e-08,2813.0471769086726,2819.1723669747266,
crypto:BTC-USD,20260928T054600014613Z-2646b062,drift,0,2.8325255209784002e-09,,,
crypto:BTC-USD,20260928T054600014613Z-2646b062,exponential_smoothing,0,2.7051338114318496e-09,2395.1507704643946,2407.45146572533,
crypto:BTC-USD,20260928T054600014613Z-2646b062,gru,0,4.739819682714905e-08,,,89.0
crypto:BTC-USD,20260928T054600014613Z-2646b062,holt_winters,0,1.0054690590655585e-09,2409.799630492821,2443.626542460393,
crypto:BTC-USD,20260928T054600014613Z-2646b062,lasso,0,3.359122906880111e-08,,,
crypto:BTC-USD,20260928T054600014613Z-2646b062,last_value,0,2.7255699005125187e-08,,,
crypto:BTC-USD,20260928T054600014613Z-2646b062,lstm,0,4.9681313519554813e-08,,,117.0
crypto:BTC-USD,20260928T054600014613Z-2646b062,random_forest,0,3.660682386163241e-08,,,
crypto:BTC-USD,20260928T054600014613Z-2646b062,ridge,0,3.217305796921777e-08,,,
crypto:BTC-USD,20260928T054600014613Z-2646b062,rnn,0,2.1082584878182095e-08,,,33.0
crypto:BTC-USD,20260928T054600014613Z-2646b062,sarima,0,3.0440348493620194e-08,2683.778759969445,2692.8305994798898,
crypto:BTC-USD,20260928T054600014613Z-2646b062,seasonal_naive,0,0.00012803631814391564,,,
crypto:BTC-USD,20260928T054600014613Z-2646b062,xgboost,0,3.1386679542156384e-08,,,
equity:SPY,20260928T054602477182Z-e456fc7a,last_value,1,0.0018509329529938488,,,
equity:SPY,20260928T054602477182Z-e456fc7a,drift,1,0.0013170558466374632,,,
equity:SPY,20260928T054602477182Z-e456fc7a,seasonal_naive,1,0.010131874227072934,,,
equity:SPY,20260928T054602477182Z-e456fc7a,exponential_smoothing,1,0.001350965782806065,447.6032834657714,458.0239642097238,
equity:SPY,20260928T054602477182Z-e456fc7a,holt_winters,1,0.009551551231604056,451.54300403927226,474.9895357131651,
equity:SPY,20260928T054602477182Z-e456fc7a,arima,1,0.0018690495007178886,714.3685927885517,719.5385277458929,
equity:SPY,20260928T054602477182Z-e456fc7a,sarima,1,0.0018141368890768786,684.0867308081789,691.6845292876387,
equity:SPY,20260928T054602477182Z-e456fc7a,ridge,1,8.018762114742558e-05,,,
equity:SPY,20260928T054602477182Z-e456fc7a,lasso,1,7.199628485349896e-05,,,
equity:SPY,20260928T054602477182Z-e456fc7a,random_forest,1,0.001638710300909502,,,
equity:SPY,20260928T054602477182Z-e456fc7a,xgboost,1,0.0020023427181142554,,,
equity:SPY,20260928T054602477182Z-e456fc7a,rnn,1,0.0005927223333391493,,,33.0
equity:SPY,20260928T054602477182Z-e456fc7a,lstm,1,0.0014362054919939739,,,117.0
equity:SPY,20260928T054602477182Z-e456fc7a,gru,1,0.001292248556261755,,,89.0
equity:SPY,20260928T054602477182Z-e456fc7a,last_value,2,0.0001841091446216434,,,
equity:SPY,20260928T054602477182Z-e456fc7a,drift,2,1.695982418464055e-05,,,
equity:SPY,20260928T054602477182Z-e456fc7a,seasonal_naive,2,0.0026064111611370823,,,
equity:SPY,20260928T054602477182Z-e456fc7a,exponential_smoothing,2,1.6536811468532793e-05,516.9460270616546,528.0959940327829,
equity:SPY,20260928T054602477182Z-e456fc7a,holt_winters,2,0.00018375802378719228,521.3699373199041,546.4573630049425,
equity:SPY,20260928T054602477182Z-e456fc7a,arima,2,0.00018126275848421376,840.8436293222118,846.3849985711431,
equity:SPY,20260928T054602477182Z-e456fc7a,sarima,2,0.00012879559092941598,811.1703749622612,819.3525384183982,
equity:SPY,20260928T054602477182Z-e456fc7a,ridge,2,0.00015833737274604658,,,
equity:SPY,20260928T054602477182Z-e456fc7a,lasso,2,0.00014005813078573392,,,
equity:SPY,20260928T054602477182Z-e456fc7a,random_forest,2,0.00020874123629560412,,,
equity:SPY,20260928T054602477182Z-e456fc7a,xgboost,2,0.30210687577704676,,,
equity:SPY,20260928T054602477182Z-e456fc7a,rnn,2,3.0612236893983865e-05,,,33.0
equity:SPY,20260928T054602477182Z-e456fc7a,lstm,2,0.0022330108595027187,,,117.0
equity:SPY,20260928T054602477182Z-e456fc7a,gru,2,0.0028431341244699775,,,89.0
equity:SPY,20260928T054602477182Z-e456fc7a,last_value,3,0.0033429097553968677,,,
equity:SPY,20260928T054602477182Z-e456fc7a,drift,3,0.03010561484307302,,,
equity:SPY,20260928T054602477182Z-e456fc7a,seasonal_naive,3,0.0037859229292085744,,,
equity:SPY,20260928T054602477182Z-e456fc7a,exponential_smoothing,3,0.030853704966720623,585.3917716678487,597.158341358286,
equity:SPY,20260928T054602477182Z-e456fc7a,holt_winters,3,0.05178750465705248,590.6576631062322,617.132444909716,
equity:SPY,20260928T054602477182Z-e456fc7a,arima,3,0.0033433061154403885,966.2431685735369,972.0976759438513,
equity:SPY,20260928T054602477182Z-e456fc7a,sarima,3,0.003388573125252594,937.1767124366542,945.8477598213194,
equity:SPY,20260928T054602477182Z-e456fc7a,ridge,3,0.000892705187004438,,,
equity:SPY,20260928T054602477182Z-e456fc7a,lasso,3,0.0008010926664705468,,,
equity:SPY,20260928T054602477182Z-e456fc7a,random_forest,3,0.0033429097553968677,,,
equity:SPY,20260928T054602477182Z-e456fc7a,xgboost,3,2.0289149533716293e-05,,,
equity:SPY,20260928T054602477182Z-e456fc7a,rnn,3,0.006804493942480028,,,33.0
equity:SPY,20260928T054602477182Z-e456fc7a,lstm,3,0.0004855232247121478,,,117.0
equity:SPY,20260928T054602477182Z-e456fc7a,gru,3,0.00034934445737228834,,,89.0
equity:SPY,20260928T054602477182Z-e456fc7a,arima,0,0.2848785974847819,1089.0419952079,1095.167185273954,
equity:SPY,20260928T054602477182Z-e456fc7a,drift,0,0.2847258801926299,,,
equity:SPY,20260928T054602477182Z-e456fc7a,exponential_smoothing,0,0.284202078764374,651.0623722736748,663.3630675346101,
equity:SPY,20260928T054602477182Z-e456fc7a,gru,0,0.0005215607921804646,,,89.0
equity:SPY,20260928T054602477182Z-e456fc7a,holt_winters,0,0.3128975729629392,656.5306168631324,684.2071812002368,
equity:SPY,20260928T054602477182Z-e456fc7a,lasso,0,0.3561845055939493,,,
equity:SPY,20260928T054602477182Z-e456fc7a,last_value,0,0.2840423767932393,,,
equity:SPY,20260928T054602477182Z-e456fc7a,lstm,0,0.0019026751886545303,,,117.0
equity:SPY,20260928T054602477182Z-e456fc7a,random_forest,0,0.2623216697237462,,,
equity:SPY,20260928T054602477182Z-e456fc7a,ridge,0,0.35337114689549615,,,
equity:SPY,20260928T054602477182Z-e456fc7a,rnn,0,0.2333528359212694,,,33.0
equity:SPY,20260928T054602477182Z-e456fc7a,sarima,0,0.2752671158472839,1060.4583398761058,1069.5496536402832,
equity:SPY,20260928T054602477182Z-e456fc7a,seasonal_naive,0,0.1906480572841804,,,
equity:SPY,20260928T054602477182Z-e456fc7a,xgboost,0,0.00010116950541342667,,,
forex:EUR-USD,20260928T054604900545Z-5e05e298,last_value,1,0.0010348399833326894,,,
forex:EUR-USD,20260928T054604900545Z-5e05e298,drift,1,1.5379598076429004e-08,,,
forex:EUR-USD,20260928T054604900545Z-5e05e298,seasonal_naive,1,0.05752838848997233,,,
forex:EUR-USD,20260928T054604900545Z-5e05e298,exponential_smoothing,1,1.5380211594705102e-08,-995.6553802670735,-985.2346995231211,
forex:EUR-USD,20260928T054604900545Z-5e05e298,holt_winters,1,6.281314956691805e-08,-991.0638107859623,-967.6172791120695,
forex:EUR-USD,20260928T054604900545Z-5e05e298,arima,1,0.0010312135025809667,-699.3769886529951,-694.2070536956539,
forex:EUR-USD,20260928T054604900545Z-5e05e298,sarima,1,0.0004960774447067688,-661.8708062255411,-654.2730077460812,
forex:EUR-USD,20260928T054604900545Z-5e05e298,ridge,1,0.001895854462876093,,,
forex:EUR-USD,20260928T054604900545Z-5e05e298,lasso,1,0.11490012020634587,,,
forex:EUR-USD,20260928T054604900545Z-5e05e298,random_forest,1,0.0015421483829576314,,,
forex:EUR-USD,20260928T054604900545Z-5e05e298,xgboost,1,0.01947259083505146,,,
forex:EUR-USD,20260928T054604900545Z-5e05e298,rnn,1,0.0005524528473933675,,,33.0
forex:EUR-USD,20260928T054604900545Z-5e05e298,lstm,1,0.006495844853261275,,,117.0
forex:EUR-USD,20260928T054604900545Z-5e05e298,gru,1,0.047666083191149726,,,89.0
forex:EUR-USD,20260928T054604900545Z-5e05e298,last_value,2,5.9651366034590064e-05,,,
forex:EUR-USD,20260928T054604900545Z-5e05e298,drift,2,0.002085220635952632,,,
forex:EUR-USD,20260928T054604900545Z-5e05e298,seasonal_naive,2,0.0069191528710498005,,,
forex:EUR-USD,20260928T054604900545Z-5e05e298,exponential_smoothing,2,0.0020889996658658696,-1208.5855603648474,-1197.4355933937193,
forex:EUR-USD,20260928T054604900545Z-5e05e298,holt_winters,2,0.0016728021010002515,-1201.43442070126,-1176.3469950162216,
forex:EUR-USD,20260928T054604900545Z-5e05e298,arima,2,5.964559033422739e-05,-855.4247968431524,-849.8834275942211,
forex:EUR-USD,20260928T054604900545Z-5e05e298,sarima,2,5.5037920663133385e-05,-818.4890431228888,-810.3068796667518,
forex:EUR-USD,20260928T054604900545Z-5e05e298,ridge,2,6.656659734701698e-05,,,
forex:EUR-USD,20260928T054604900545Z-5e05e298,lasso,2,8.382621101158846e-05,,,
forex:EUR-USD,20260928T054604900545Z-5e05e298,random_forest,2,5.29548778039679e-05,,,
forex:EUR-USD,20260928T054604900545Z-5e05e298,xgboost,2,0.00012734391006371287,,,
forex:EUR-USD,20260928T054604900545Z-5e05e298,rnn,2,9.18164040329108e-05,,,33.0
forex:EUR-USD,20260928T054604900545Z-5e05e298,lstm,2,0.00011576761196518366,,,117.0
forex:EUR-USD,20260928T054604900545Z-5e05e298,gru,2,7.531978523419322e-05,,,89.0
forex:EUR-USD,20260928T054604900545Z-5e05e298,last_value,3,0.07691224487022616,,,
forex:EUR-USD,20260928T054604900545Z-5e05e298,drift,3,0.4436766050372226,,,
forex:EUR-USD,20260928T054604900545Z-5e05e298,seasonal_naive,3,0.06533785015019494,,,
forex:EUR-USD,20260928T054604900545Z-5e05e298,exponential_smoothing,3,0.44388934711909434,-1411.9017109218528,-1400.1351412314157,
forex:EUR-USD,20260928T054604900545Z-5e05e298,holt_winters,3,0.13782209415459187,-1406.0365889836569,-1379.5618071801732,
forex:EUR-USD,20260928T054604900545Z-5e05e298,arima,3,0.07691535855758307,-1002.6154204186474,-996.760913048333,
forex:EUR-USD,20260928T054604900545Z-5e05e298,sarima,3,0.07832517031559659,-964.5433958211904,-955.8723484365252,
forex:EUR-USD,20260928T054604900545Z-5e05e298,ridge,3,0.10406415388839617,,,
forex:EUR-USD,20260928T054604900545Z-5e05e298,lasso,3,0.00482010097260903,,,
forex:EUR-USD,20260928T054604900545Z-5e05e298,random_forest,3,0.07691224487022616,,,
forex:EUR-USD,20260928T054604900545Z-5e05e298,xgboost,3,0.00015265151957473462,,,
forex:EUR-USD,20260928T054604900545Z-5e05e298,rnn,3,0.2103251095122215,,,33.0
forex:EUR-USD,20260928T054604900545Z-5e05e298,lstm,3,0.016578029388390342,,,117.0
forex:EUR-USD,20260928T054604900545Z-5e05e298,gru,3,0.002152888916912798,,,89.0
forex:EUR-USD,20260928T054604900545Z-5e05e298,arima,0,0.001967962437671243,-1158.28535145008,-1152.1601613840262,
forex:EUR-USD,20260928T054604900545Z-5e05e298,drift,0,8.221793725789966e-05,,,
forex:EUR-USD,20260928T054604900545Z-5e05e298,exponential_smoothing,0,8.219166897894055e-05,-1624.67326087191,-1612.3725656109748,
forex:EUR-USD,20260928T054604900545Z-5e05e298,gru,0,0.0056883933820159665,,,89.0
forex:EUR-USD,20260928T054604900545Z-5e05e298,holt_winters,0,6.355964821950212e-05,-1618.2472451227927,-1590.5706807856882,
forex:EUR-USD,20260928T054604900545Z-5e05e298,lasso,0,0.00032941706982327675,,,
forex:EUR-USD,20260928T054604900545Z-5e05e298,last_value,0,0.001967960842634875,,,
forex:EUR-USD,20260928T054604900545Z-5e05e298,lstm,0,0.004982692882909665,,,117.0
forex:EUR-USD,20260928T054604900545Z-5e05e298,random_forest,0,0.001967960842634875,,,
forex:EUR-USD,20260928T054604900545Z-5e05e298,ridge,0,0.0018803417611533584,,,
forex:EUR-USD,20260928T054604900545Z-5e05e298,rnn,0,0.01012594063557331,,,33.0
forex:EUR-USD,20260928T054604900545Z-5e05e298,sarima,0,0.0018473593796286387,-1120.3402160947635,-1111.2489023305861,
forex:EUR-USD,20260928T054604900545Z-5e05e298,seasonal_naive,0,0.029530123643574855,,,
forex:EUR-USD,20260928T054604900545Z-5e05e298,xgboost,0,0.0006814269374123005,,,
oil:WTI-CUSHING-SPOT,20260928T054607431058Z-28fa2e2c,last_value,1,0.5504733107341224,,,
oil:WTI-CUSHING-SPOT,20260928T054607431058Z-28fa2e2c,drift,1,0.5762086003774314,,,
oil:WTI-CUSHING-SPOT,20260928T054607431058Z-28fa2e2c,seasonal_naive,1,0.22510145571411722,,,
oil:WTI-CUSHING-SPOT,20260928T054607431058Z-28fa2e2c,exponential_smoothing,1,0.5761019379603869,81.37696256807523,91.79764331202759,
oil:WTI-CUSHING-SPOT,20260928T054607431058Z-28fa2e2c,holt_winters,1,0.7349846781939653,82.91551965391297,106.3620513278058,
oil:WTI-CUSHING-SPOT,20260928T054607431058Z-28fa2e2c,arima,1,0.5505166941516484,355.3205002370885,360.4904351944296,
oil:WTI-CUSHING-SPOT,20260928T054607431058Z-28fa2e2c,sarima,1,0.6238798891894233,342.138460866391,349.7362593458507,
oil:WTI-CUSHING-SPOT,20260928T054607431058Z-28fa2e2c,ridge,1,5.282059045866171e-05,,,
oil:WTI-CUSHING-SPOT,20260928T054607431058Z-28fa2e2c,lasso,1,4.10875094171481e-05,,,
oil:WTI-CUSHING-SPOT,20260928T054607431058Z-28fa2e2c,random_forest,1,0.3118610943223371,,,
oil:WTI-CUSHING-SPOT,20260928T054607431058Z-28fa2e2c,xgboost,1,0.0468261130792932,,,
oil:WTI-CUSHING-SPOT,20260928T054607431058Z-28fa2e2c,rnn,1,0.7661122780507095,,,33.0
oil:WTI-CUSHING-SPOT,20260928T054607431058Z-28fa2e2c,lstm,1,0.4576631975353842,,,117.0
oil:WTI-CUSHING-SPOT,20260928T054607431058Z-28fa2e2c,gru,1,0.2604589333803351,,,89.0
oil:WTI-CUSHING-SPOT,20260928T054607431058Z-28fa2e2c,last_value,2,0.00010021848039887892,,,
oil:WTI-CUSHING-SPOT,20260928T054607431058Z-28fa2e2c,drift,2,0.00016225207020424974,,,
oil:WTI-CUSHING-SPOT,20260928T054607431058Z-28fa2e2c,seasonal_naive,2,0.00110542918167655,,,
oil:WTI-CUSHING-SPOT,20260928T054607431058Z-28fa2e2c,exponential_smoothing,2,0.00016225361234752371,110.3551563609921,121.50512333212028,
oil:WTI-CUSHING-SPOT,20260928T054607431058Z-28fa2e2c,holt_winters,2,0.00031244911862150467,115.70275821294932,140.79018389798773,
oil:WTI-CUSHING-SPOT,20260928T054607431058Z-28fa2e2c,arima,2,0.00010017526646817726,441.2890063124115,446.83037556134286,
oil:WTI-CUSHING-SPOT,20260928T054607431058Z-28fa2e2c,sarima,2,0.00010001643482766517,428.490362218489,436.672525674626,
oil:WTI-CUSHING-SPOT,20260928T054607431058Z-28fa2e2c,ridge,2,4.868209274495698e-05,,,
oil:WTI-CUSHING-SPOT,20260928T054607431058Z-28fa2e2c,lasso,2,4.0877271398294085e-05,,,
oil:WTI-CUSHING-SPOT,20260928T054607431058Z-28fa2e2c,random_forest,2,7.711691040486384e-05,,,
oil:WTI-CUSHING-SPOT,20260928T054607431058Z-28fa2e2c,xgboost,2,2.2644657128157006e-05,,,
oil:WTI-CUSHING-SPOT,20260928T054607431058Z-28fa2e2c,rnn,2,0.00015173759786022033,,,33.0
oil:WTI-CUSHING-SPOT,20260928T054607431058Z-28fa2e2c,lstm,2,8.261563645388866e-05,,,117.0
oil:WTI-CUSHING-SPOT,20260928T054607431058Z-28fa2e2c,gru,2,5.257346619057841e-05,,,89.0
oil:WTI-CUSHING-SPOT,20260928T054607431058Z-28fa2e2c,last_value,3,0.14135303358993825,,,
oil:WTI-CUSHING-SPOT,20260928T054607431058Z-28fa2e2c,drift,3,0.42506313706206306,,,
oil:WTI-CUSHING-SPOT,20260928T054607431058Z-28fa2e2c,seasonal_naive,3,0.2665834097268416,,,
oil:WTI-CUSHING-SPOT,20260928T054607431058Z-28fa2e2c,exponential_smoothing,3,0.4250634250822682,117.73242571242771,129.49899540286492,
oil:WTI-CUSHING-SPOT,20260928T054607431058Z-28fa2e2c,holt_winters,3,0.4099965537498864,124.2322825303625,150.70706433384623,
oil:WTI-CUSHING-SPOT,20260928T054607431058Z-28fa2e2c,arima,3,0.14092986445436548,505.5190740316035,511.37358140191793,
oil:WTI-CUSHING-SPOT,20260928T054607431058Z-28fa2e2c,sarima,3,0.15328129431837756,492.91022240304176,501.581269787707,
oil:WTI-CUSHING-SPOT,20260928T054607431058Z-28fa2e2c,ridge,3,0.03495902357241832,,,
oil:WTI-CUSHING-SPOT,20260928T054607431058Z-28fa2e2c,lasso,3,0.02761547057222484,,,
oil:WTI-CUSHING-SPOT,20260928T054607431058Z-28fa2e2c,random_forest,3,0.10007492598932684,,,
oil:WTI-CUSHING-SPOT,20260928T054607431058Z-28fa2e2c,xgboost,3,0.13714098103051436,,,
oil:WTI-CUSHING-SPOT,20260928T054607431058Z-28fa2e2c,rnn,3,0.0997601998041509,,,33.0
oil:WTI-CUSHING-SPOT,20260928T054607431058Z-28fa2e2c,lstm,3,0.06138324544840289,,,117.0
oil:WTI-CUSHING-SPOT,20260928T054607431058Z-28fa2e2c,gru,3,0.05670065308349275,,,89.0
oil:WTI-CUSHING-SPOT,20260928T054607431058Z-28fa2e2c,arima,0,0.0883413303578684,566.8548506955451,572.9800407615991,
oil:WTI-CUSHING-SPOT,20260928T054607431058Z-28fa2e2c,drift,0,0.12722970829227226,,,
oil:WTI-CUSHING-SPOT,20260928T054607431058Z-28fa2e2c,exponential_smoothing,0,0.12722963904377088,121.87513046983783,134.17582573077314,
oil:WTI-CUSHING-SPOT,20260928T054607431058Z-28fa2e2c,gru,0,0.02558938084389613,,,89.0
oil:WTI-CUSHING-SPOT,20260928T054607431058Z-28fa2e2c,holt_winters,0,0.12520315158392653,129.7251308854702,157.40169522257463,
oil:WTI-CUSHING-SPOT,20260928T054607431058Z-28fa2e2c,lasso,0,0.047628316064643315,,,
oil:WTI-CUSHING-SPOT,20260928T054607431058Z-28fa2e2c,last_value,0,0.08834113226463676,,,
oil:WTI-CUSHING-SPOT,20260928T054607431058Z-28fa2e2c,lstm,0,0.06020751526900425,,,117.0
oil:WTI-CUSHING-SPOT,20260928T054607431058Z-28fa2e2c,random_forest,0,0.08957661176668753,,,
oil:WTI-CUSHING-SPOT,20260928T054607431058Z-28fa2e2c,ridge,0,0.05350995865969319,,,
oil:WTI-CUSHING-SPOT,20260928T054607431058Z-28fa2e2c,rnn,0,0.08694034824860115,,,33.0
oil:WTI-CUSHING-SPOT,20260928T054607431058Z-28fa2e2c,sarima,0,0.08910167377534622,554.7896322140998,563.8809459782772,
oil:WTI-CUSHING-SPOT,20260928T054607431058Z-28fa2e2c,seasonal_naive,0,0.1625390060335098,,,
oil:WTI-CUSHING-SPOT,20260928T054607431058Z-28fa2e2c,xgboost,0,0.0851886636430206,,,
