asset_id,asset_class,run_id,horizon,model,rmse_mean,rmse_std,mae_mean,smape_mean,mase_mean,fit_seconds_mean,inference_seconds_mean,interval_coverage_mean,completed_folds,final_test_rmse,final_test_mae,final_test_interval_coverage
crypto:BTC-USD,crypto,20260928T054600014613Z-2646b062,1,arima,628.9670552182603,757.1501532412935,628.9670552182603,0.5355571776297561,0.49381903224714047,0.004571699999966401,0.0012255666667139,1.0,3,4343.707033603525,4343.707033603525,0.0
crypto:BTC-USD,crypto,20260928T054600014613Z-2646b062,1,drift,617.5246017354706,506.4136875585776,617.5246017354706,0.5292979545430839,0.48137484425819177,1.273333358161229e-05,1.3499999719594294e-05,,3,4523.026132075465,4523.026132075465,
crypto:BTC-USD,crypto,20260928T054600014613Z-2646b062,1,exponential_smoothing,626.4240955042673,495.42690873595217,626.4240955042673,0.5373291615402024,0.48797805236429675,0.014151633333312867,0.0012348666665881,,3,4520.716365279994,4520.716365279994,
crypto:BTC-USD,crypto,20260928T054600014613Z-2646b062,1,gru,5141.712160067652,4995.21380007573,5141.712160067652,4.4861530944596035,4.040972975905835,0.033468633333238,0.0110355333332942,,3,3365.75671912916,3365.75671912916,
crypto:BTC-USD,crypto,20260928T054600014613Z-2646b062,1,holt_winters,574.8984451925595,525.7196430817095,574.8984451925595,0.490772364745476,0.44965481976874416,0.07473559999986411,0.002049099999567233,,3,4323.1248115080525,4323.1248115080525,
crypto:BTC-USD,crypto,20260928T054600014613Z-2646b062,1,lasso,702.0030396220196,825.1906870804437,702.0030396220196,0.5944883948371776,0.5526533247997395,0.0024752999994839997,0.011940766666763566,,3,4381.290713070048,4381.290713070048,
crypto:BTC-USD,crypto,20260928T054600014613Z-2646b062,1,last_value,620.9266666666663,787.4036932433911,620.9266666666663,0.5285906646086239,0.4878080122576874,1.9099999917671084e-05,7.766666688742893e-06,,3,4340.0,4340.0,
crypto:BTC-USD,crypto,20260928T054600014613Z-2646b062,1,lstm,5479.812093075559,4983.276411503219,5479.812093075559,4.789925138804849,4.301694243337294,0.03579130000040697,0.0058554333330296665,,3,3059.954101599753,3059.954101599753,
crypto:BTC-USD,crypto,20260928T054600014613Z-2646b062,1,random_forest,1347.5036420689867,605.8977170598208,1347.5036420689867,1.1706680045777955,1.0348402223107807,0.0198566666661766,0.041479533333282796,,3,3591.344692135346,3591.344692135346,
crypto:BTC-USD,crypto,20260928T054600014613Z-2646b062,1,ridge,732.6475257782391,845.7680555854364,732.6475257782391,0.6228639180528378,0.5756717825047807,0.005741899999823767,0.011303566666659432,,3,4296.39384602358,4296.39384602358,
crypto:BTC-USD,crypto,20260928T054600014613Z-2646b062,1,rnn,8901.34617647779,7055.649294617871,8901.34617647779,7.94467954313816,6.971141395279807,0.41057300000011315,0.0049459000001661,,3,49.88487285049632,49.88487285049632,
crypto:BTC-USD,crypto,20260928T054600014613Z-2646b062,1,sarima,603.4617455516709,871.0343269256316,603.4617455516709,0.5106491861718874,0.4763300369505688,0.022970800000318033,0.0023980666668042333,1.0,3,4321.769157946852,4321.769157946852,0.0
crypto:BTC-USD,crypto,20260928T054600014613Z-2646b062,1,seasonal_naive,1798.4049999999988,660.2684166874851,1798.4049999999988,1.5701658825732145,1.387633523438881,1.0766667098020358e-05,1.6799999987900566e-05,,3,7910.0,7910.0,
crypto:BTC-USD,crypto,20260928T054600014613Z-2646b062,1,xgboost,2779.276562499998,2616.7410624958366,2779.276562499998,2.386833896087877,2.182858456744333,0.23080813333338782,0.011969299999994534,,3,2256.953125,2256.953125,
crypto:BTC-USD,crypto,20260928T054600014613Z-2646b062,5,arima,1427.0182913336448,911.8565142436643,1033.6397109488132,0.8964493257698933,0.7993286530397731,0.004571699999966401,0.0012255666667139,1.0,3,3068.3034256211013,2746.228554698819,0.8
crypto:BTC-USD,crypto,20260928T054600014613Z-2646b062,5,drift,1941.7274559356008,1378.0515604475122,1534.1263046371641,1.3171395074271528,1.1924820092366175,1.273333358161229e-05,1.3499999719594294e-05,,3,3368.106527155345,2927.026132075471,
crypto:BTC-USD,crypto,20260928T054600014613Z-2646b062,5,exponential_smoothing,1962.9375191627648,1377.7883422743764,1554.5775909667389,1.3347376878274206,1.2082427882247422,0.014151633333312867,0.0012348666665881,,3,3371.953075175475,2927.89912066854,
crypto:BTC-USD,crypto,20260928T054600014613Z-2646b062,5,gru,5168.793355943645,4530.653404740172,5063.968051726592,4.475847362355771,3.974392710304564,0.033468633333238,0.0110355333332942,,3,2419.477065242578,2192.8821906746366,
crypto:BTC-USD,crypto,20260928T054600014613Z-2646b062,5,holt_winters,2096.6020192058622,1543.286036976239,1688.9917132888531,1.4430510428387135,1.3172395787532813,0.07473559999986411,0.002049099999567233,,3,2746.5700554913674,2429.6692480537545,
crypto:BTC-USD,crypto,20260928T054600014613Z-2646b062,5,lasso,1453.8080716358527,1187.0820411761847,1056.268627598575,0.9108792640984449,0.8195852789729758,0.0024752999994839997,0.011940766666763566,,3,3092.3635114566205,2777.4195334122546,
crypto:BTC-USD,crypto,20260928T054600014613Z-2646b062,5,last_value,1437.1291516849415,928.7559399842248,1038.808666666668,0.9008600762038457,0.8033483500138674,1.9099999917671084e-05,7.766666688742893e-06,,3,3065.491803936197,2744.0,
crypto:BTC-USD,crypto,20260928T054600014613Z-2646b062,5,lstm,4941.924322780188,4324.635126796105,4826.668425151017,4.2564632528468795,3.7879578380100956,0.03579130000040697,0.0058554333330296665,,3,2299.270339404371,2118.963443383435,
crypto:BTC-USD,crypto,20260928T054600014613Z-2646b062,5,random_forest,1738.4910299503092,674.4583378195961,1458.143522408458,1.2686629518123718,1.1213148150273582,0.0198566666661766,0.041479533333282796,,3,2390.8617077266085,2107.5434980511404,
crypto:BTC-USD,crypto,20260928T054600014613Z-2646b062,5,ridge,1455.4486118972916,1159.1677605749317,1049.4267662452912,0.9059809321398046,0.8137581102822148,0.005741899999823767,0.011303566666659432,,3,3036.9839029969808,2730.8885025024792,
crypto:BTC-USD,crypto,20260928T054600014613Z-2646b062,5,rnn,6980.383689418913,4990.357613601211,6786.206691174116,6.053546130370562,5.308982592913099,0.41057300000011315,0.0049459000001661,,3,2522.115808470036,1615.7776549938137,
crypto:BTC-USD,crypto,20260928T054600014613Z-2646b062,5,sarima,1595.922745494633,1111.5468702479009,1198.4914694769511,1.0363653685116587,0.9276297226279832,0.022970800000318033,0.0023980666668042333,1.0,3,3036.234722758678,2734.8655544550857,0.8
crypto:BTC-USD,crypto,20260928T054600014613Z-2646b062,5,seasonal_naive,3033.73894313183,1925.0065872732882,2563.6216666666674,2.210661960254164,1.9781420616441832,1.0766667098020358e-05,1.6799999987900566e-05,,3,5382.733506314426,4914.0,
crypto:BTC-USD,crypto,20260928T054600014613Z-2646b062,5,xgboost,2647.8924162770263,1736.145085997823,2445.7841874999995,2.1238272909766134,1.9112531496340672,0.23080813333338782,0.011969299999994534,,3,2067.9688970768743,1903.45,
crypto:BTC-USD,crypto,20260928T054600014613Z-2646b062,20,arima,4044.3639486709967,1475.1267987069036,3394.0296331789127,2.9653769622071127,2.609321436910141,0.004571699999966401,0.0012255666667139,1.0,3,6100.027914015945,4971.512301468179,0.95
crypto:BTC-USD,crypto,20260928T054600014613Z-2646b062,20,drift,5398.063179831686,3273.873207170053,4744.47180370071,4.062413519904005,3.6813620308790047,1.273333358161229e-05,1.3499999719594294e-05,,3,5053.656179204981,4397.3026132075465,
crypto:BTC-USD,crypto,20260928T054600014613Z-2646b062,20,exponential_smoothing,5434.46262563148,3333.9567726654304,4784.062939220741,4.0941258543852825,3.7127377773076913,0.014151633333312867,0.0012348666665881,,3,5035.299751863508,4397.867325375137,
crypto:BTC-USD,crypto,20260928T054600014613Z-2646b062,20,gru,6362.940246803234,4078.539747323778,5867.248167569105,5.227136947535439,4.5765555535707945,0.033468633333238,0.0110355333332942,,3,7362.350025234869,6021.822928755614,
crypto:BTC-USD,crypto,20260928T054600014613Z-2646b062,20,holt_winters,5199.96895564561,2350.0932337606478,4601.519313079854,3.94714183521573,3.572339169458635,0.07473559999986411,0.002049099999567233,,3,5450.187964052036,4299.182820864706,
crypto:BTC-USD,crypto,20260928T054600014613Z-2646b062,20,lasso,3821.0914656690543,1493.3426370695515,3185.2820651304464,2.77791863148601,2.4531304400199296,0.0024752999994839997,0.011940766666763566,,3,6099.997653054406,4976.038571443865,
crypto:BTC-USD,crypto,20260928T054600014613Z-2646b062,20,last_value,4056.026216067814,1499.1158546968322,3405.8174999999997,2.9754830938229033,2.6183645002611278,1.9099999917671084e-05,7.766666688742893e-06,,3,6102.104554987566,4973.0,
crypto:BTC-USD,crypto,20260928T054600014613Z-2646b062,20,lstm,5588.032867651844,3430.2748996297682,5086.374606498449,4.505260754254044,3.9665574203837957,0.03579130000040697,0.0058554333330296665,,3,7587.968760913089,6209.798122140998,
crypto:BTC-USD,crypto,20260928T054600014613Z-2646b062,20,random_forest,3838.791556742284,1834.53587012617,3256.0297973947618,2.8359779461121324,2.508751122655668,0.0198566666661766,0.041479533333282796,,3,6983.061792761747,5667.518949394503,
crypto:BTC-USD,crypto,20260928T054600014613Z-2646b062,20,ridge,3817.3485066944195,1510.6622563194292,3182.8597951332727,2.7758207542051374,2.451250710377686,0.005741899999823767,0.011303566666659432,,3,6136.475201588501,5000.588508234249,
crypto:BTC-USD,crypto,20260928T054600014613Z-2646b062,20,rnn,6977.559333469893,3206.403487653143,6395.993308166176,5.704067164357434,4.975196742484248,0.41057300000011315,0.0049459000001661,,3,8868.17812816648,7298.530894263589,
crypto:BTC-USD,crypto,20260928T054600014613Z-2646b062,20,sarima,4119.82313825981,1559.036763818602,3489.272898255829,3.0470226356633376,2.6828169993299062,0.022970800000318033,0.0023980666668042333,1.0,3,6215.455845492368,5070.581728687355,0.95
crypto:BTC-USD,crypto,20260928T054600014613Z-2646b062,20,seasonal_naive,5061.306531138108,2383.105781468793,4379.962083333333,3.814762994656521,3.364950391661035,1.0766667098020358e-05,1.6799999987900566e-05,,3,6024.825308670784,5249.0,
crypto:BTC-USD,crypto,20260928T054600014613Z-2646b062,20,xgboost,3552.36373477203,750.3899407254899,2991.3137812499995,2.6182160486344785,2.305965432722918,0.23080813333338782,0.011969299999994534,,3,7606.214168383466,6190.0359375,
equity:SPY,equity,20260928T054602477182Z-e456fc7a,1,arima,3.1002234466871337,2.6658945420632048,3.1002234466871337,0.5117880947770993,0.5746723767932397,0.0040720333336139,0.0012960333333466667,1.0,3,0.9532454829399056,0.9532454829399056,1.0
equity:SPY,equity,20260928T054602477182Z-e456fc7a,1,drift,3.247814522215132,2.889841723462228,3.247814522215132,0.5361460491267871,0.6023721951055422,1.4033333476011952e-05,1.606666683073854e-05,,3,1.1755463222287972,1.1755463222287972,
equity:SPY,equity,20260928T054602477182Z-e456fc7a,1,exponential_smoothing,3.173262919098685,2.875155536589578,3.173262919098685,0.5233807724503602,0.5897260117964952,0.015983400000247134,0.0014526999999967332,,3,1.2943884058929598,1.2943884058929598,
equity:SPY,equity,20260928T054602477182Z-e456fc7a,1,gru,26.387470010434374,5.70109276140421,26.387470010434374,4.374300578423395,5.039375249990313,0.033669466666651666,0.0099718999999822,,3,37.82369257788059,37.82369257788059,
equity:SPY,equity,20260928T054602477182Z-e456fc7a,1,holt_winters,3.8580531648938936,2.505185874647069,3.8580531648938936,0.6179145625329293,0.7545458315239243,0.0757455999998152,0.0015979666671531,,3,3.696031980283237,3.696031980283237,
equity:SPY,equity,20260928T054602477182Z-e456fc7a,1,lasso,4.17612994125227,3.1795091015040104,4.17612994125227,0.6933942925161998,0.7640369129114046,0.0025851000000329336,0.010847300000023067,,3,0.9262745549768852,0.9262745549768852,
equity:SPY,equity,20260928T054602477182Z-e456fc7a,1,last_value,3.1077067057291665,2.866015088886892,3.1077067057291665,0.5137240386675744,0.5747325441624277,1.2566666555358097e-05,7.466667132878986e-06,,3,0.80902099609375,0.80902099609375,
equity:SPY,equity,20260928T054602477182Z-e456fc7a,1,lstm,29.12006914045014,9.101839991861738,29.12006914045014,4.832202411174116,5.585402579321208,0.015136200000294234,0.0069821666669061,,3,44.91609670019818,44.91609670019818,
equity:SPY,equity,20260928T054602477182Z-e456fc7a,1,random_forest,3.309151276421782,0.6702975052998039,3.309151276421782,0.5393666994136636,0.6270327771510597,0.019195133333293233,0.041953199999625164,,3,4.083573373787431,4.083573373787431,
equity:SPY,equity,20260928T054602477182Z-e456fc7a,1,ridge,4.122542107099548,3.1171083309351233,4.122542107099548,0.6844058610113662,0.7543109063014829,0.0023127333333831665,0.0103663666665549,,3,0.7805634795699916,0.7805634795699916,
equity:SPY,equity,20260928T054602477182Z-e456fc7a,1,rnn,45.287833216865465,15.000022789708131,45.287833216865465,7.618952926980444,8.706625107359427,0.0169693666663685,0.0047365333330162,,3,68.30707176550175,68.30707176550175,
equity:SPY,equity,20260928T054602477182Z-e456fc7a,1,sarima,3.3571248101444553,2.7725131905218956,3.3571248101444553,0.5539205945241895,0.6229555617632577,0.014824400000179566,0.0012992666667438334,1.0,3,1.0325818471434332,1.0325818471434332,1.0
equity:SPY,equity,20260928T054602477182Z-e456fc7a,1,seasonal_naive,4.771687825520833,1.8952573292688475,4.771687825520833,0.7816297937379986,0.8943623179010484,1.0233333644767603e-05,1.6399999973752227e-05,,3,6.87652587890625,6.87652587890625,
equity:SPY,equity,20260928T054602477182Z-e456fc7a,1,xgboost,19.744852701822918,3.85056517686761,19.744852701822918,3.2550205127724037,3.7706912439144205,0.0103456666665806,0.013156299999839867,,3,30.1722412109375,30.1722412109375,
equity:SPY,equity,20260928T054602477182Z-e456fc7a,5,arima,8.412893046924204,5.253338766182746,7.6457871029076925,1.2589626125523345,1.3977279637015394,0.0040720333336139,0.0012960333333466667,1.0,3,5.076227021589257,4.341559789615895,1.0
equity:SPY,equity,20260928T054602477182Z-e456fc7a,5,drift,8.420357817642312,5.519522175972832,7.649337756394682,1.2602863769435808,1.3979694905264086,1.4033333476011952e-05,1.606666683073854e-05,,3,4.076670415098159,3.4586064176739457,
equity:SPY,equity,20260928T054602477182Z-e456fc7a,5,exponential_smoothing,8.413309241015465,5.351763772243078,7.621623923489513,1.2550742457927306,1.3941428696529912,0.015983400000247134,0.0014526999999967332,,3,3.9838536448039368,3.381243638300293,
equity:SPY,equity,20260928T054602477182Z-e456fc7a,5,gru,36.37178103679779,5.038113658966973,35.7728239613348,5.944978978671554,6.786615721574845,0.033669466666651666,0.0099718999999822,,3,49.410559216465565,48.93137180957849,
equity:SPY,equity,20260928T054602477182Z-e456fc7a,5,holt_winters,8.346431340466976,4.715155187541122,7.415950628989283,1.2163882564016333,1.3669190263679356,0.0757455999998152,0.0015979666671531,,3,3.7219673066135135,3.245424058749677,
equity:SPY,equity,20260928T054602477182Z-e456fc7a,5,lasso,11.192457901874945,7.436194089784865,10.236644957111595,1.6923018680003568,1.865577920494981,0.0025851000000329336,0.010847300000023067,,3,4.99398619795132,4.260092835568616,
equity:SPY,equity,20260928T054602477182Z-e456fc7a,5,last_value,8.423764355250485,5.391261384895267,7.65458984375,1.2610159501921758,1.3982325973157632,1.2566666555358097e-05,7.466667132878986e-06,,3,5.172930417748004,4.411572265625,
equity:SPY,equity,20260928T054602477182Z-e456fc7a,5,lstm,36.008150127618656,7.646297546567921,35.65914099623681,5.917725475796163,6.7915566253233095,0.015136200000294234,0.0069821666669061,,3,52.8024776993376,52.58900708932053,
equity:SPY,equity,20260928T054602477182Z-e456fc7a,5,random_forest,8.72133327574371,4.0348305690826605,7.935839445502187,1.300429628819581,1.4637931278111946,0.019195133333293233,0.041953199999625164,,3,9.072627469848657,8.558797576261487,
equity:SPY,equity,20260928T054602477182Z-e456fc7a,5,ridge,11.138994232893396,7.474971198905009,10.20676730402619,1.68742573289573,1.8598570089785496,0.0023127333333831665,0.0103663666665549,,3,5.096890045460636,4.340258080593412,
equity:SPY,equity,20260928T054602477182Z-e456fc7a,5,rnn,45.150995584772026,11.11808452698514,44.99371883096595,7.520737023918653,8.605146902724238,0.0169693666663685,0.0047365333330162,,3,68.0204509948438,67.93259781610391,
equity:SPY,equity,20260928T054602477182Z-e456fc7a,5,sarima,8.546951578045759,5.346918535829473,7.783375398754508,1.2817668548038574,1.423275358964555,0.014824400000179566,0.0012992666667438334,1.0,3,4.792860428995479,4.0904299167817495,1.0
equity:SPY,equity,20260928T054602477182Z-e456fc7a,5,seasonal_naive,8.857005042699162,3.898977767319548,7.991263834635416,1.3092327322107404,1.476078017894016,1.0233333644767603e-05,1.6399999973752227e-05,,3,6.575711435457477,6.42421875,
equity:SPY,equity,20260928T054602477182Z-e456fc7a,5,xgboost,33.24868180482171,8.51483657171238,32.15754801432292,5.340610731491229,6.0720975244044935,0.0103456666665806,0.013156299999839867,,3,42.39297644237574,41.9062744140625,
equity:SPY,equity,20260928T054602477182Z-e456fc7a,20,arima,14.362454116958355,10.018369732672575,12.92727071002073,2.115775614603126,2.351866814038071,0.0040720333336139,0.0012960333333466667,1.0,3,8.064128531288235,6.9001880524701615,1.0
equity:SPY,equity,20260928T054602477182Z-e456fc7a,20,drift,13.039121626871797,11.994465148800666,11.82334122719476,1.9438998471340476,2.127238921623545,1.4033333476011952e-05,1.606666683073854e-05,,3,5.489548526431972,4.637505873194283,
equity:SPY,equity,20260928T054602477182Z-e456fc7a,20,exponential_smoothing,12.963702682410194,11.849147230442538,11.754141208429415,1.931993334801592,2.115335383764673,0.015983400000247134,0.0014526999999967332,,3,5.424779869826692,4.567484155305647,
equity:SPY,equity,20260928T054602477182Z-e456fc7a,20,gru,50.1022515148175,1.368781098940658,49.04104232347024,8.153509435552191,9.290562808869728,0.033669466666651666,0.0099718999999822,,3,61.23680487521802,60.49722004930784,
equity:SPY,equity,20260928T054602477182Z-e456fc7a,20,holt_winters,12.230755233221773,11.143678754361442,10.98774764273817,1.8035297180691396,1.979138214770418,0.0757455999998152,0.0015979666671531,,3,5.025322803151735,4.240017540024672,
equity:SPY,equity,20260928T054602477182Z-e456fc7a,20,lasso,22.649808253329713,14.763936868134214,20.39818524516794,3.3681642998197936,3.71509413377419,0.0025851000000329336,0.010847300000023067,,3,7.145179564877408,6.098903432513009,
equity:SPY,equity,20260928T054602477182Z-e456fc7a,20,last_value,14.388302566982098,10.154740143107455,12.953444417317707,2.1205870841007117,2.355798295487965,1.2566666555358097e-05,7.466667132878986e-06,,3,8.160798975817665,6.98603515625,
equity:SPY,equity,20260928T054602477182Z-e456fc7a,20,lstm,46.102487980523485,3.9081121052050904,45.34336632509818,7.508349046669973,8.612867761026363,0.015136200000294234,0.0069821666669061,,3,60.69487657240872,60.23678197383592,
equity:SPY,equity,20260928T054602477182Z-e456fc7a,20,random_forest,14.639313238103222,9.033644649399486,13.204060055970691,2.157358717369443,2.4103487038508353,0.019195133333293233,0.041953199999625164,,3,11.898859930164551,10.847957150707291,
equity:SPY,equity,20260928T054602477182Z-e456fc7a,20,ridge,22.457604592849776,14.650034373172256,20.24236901161217,3.3416459874964812,3.6868555726830716,0.0023127333333831665,0.0103663666665549,,3,7.211515798823009,6.160386875780688,
equity:SPY,equity,20260928T054602477182Z-e456fc7a,20,rnn,51.60829358312211,6.897137419544342,51.17079872934702,8.508659901458175,9.75262276090101,0.0169693666663685,0.0047365333330162,,3,70.33100960706092,70.14424374709414,
equity:SPY,equity,20260928T054602477182Z-e456fc7a,20,sarima,14.376825126537996,10.33147229981925,12.948909770023727,2.1206317151630163,2.3531595896280777,0.014824400000179566,0.0012992666667438334,1.0,3,7.766891688651258,6.622600704763192,1.0
equity:SPY,equity,20260928T054602477182Z-e456fc7a,20,seasonal_naive,14.443468180815065,8.703209640039669,12.96517537434896,2.1174558733624935,2.3683254819500736,1.0233333644767603e-05,1.6399999973752227e-05,,3,10.426618135443322,8.9734619140625,
equity:SPY,equity,20260928T054602477182Z-e456fc7a,20,xgboost,51.83227350670965,2.246158016465686,50.129303995768225,8.350790486638124,9.48734620870515,0.0103456666665806,0.013156299999839867,,3,53.10836205571461,52.1530517578125,
forex:EUR-USD,forex,20260928T054604900545Z-5e05e298,1,arima,0.002331915193892767,0.0009852735150217237,0.002331915193892767,0.19976993021216713,0.5247816773373132,0.013236299999941034,0.0011437333329619,1.0,3,0.0029957045217565,0.0029957045217565,1.0
forex:EUR-USD,forex,20260928T054604900545Z-5e05e298,1,drift,0.002585373921387433,0.0012759396159965158,0.002585373921387433,0.2216625913623922,0.5790200926564101,9.433333313306017e-06,1.3366666583654782e-05,,3,0.0021106918238993,0.0021106918238993,
forex:EUR-USD,forex,20260928T054604900545Z-5e05e298,1,exponential_smoothing,0.0025682854537143,0.0012841013649151094,0.0025682854537143,0.22018943573584637,0.5753659607102343,0.012344166666480265,0.0012560666667316334,,3,0.0021273196723887,0.0021273196723887,
forex:EUR-USD,forex,20260928T054604900545Z-5e05e298,1,gru,0.031167423901973867,0.01182077689665697,0.031167423901973867,2.7135843275066205,6.929742623923526,0.032828366666763,0.009433199999572567,,3,0.0295977911871911,0.0295977911871911,
forex:EUR-USD,forex,20260928T054604900545Z-5e05e298,1,holt_winters,0.003511316244734667,0.0027207889005868473,0.003511316244734667,0.3012319929510973,0.780968533821116,0.0637377666665391,0.0014445999998618335,,3,0.001274168865009,0.001274168865009,
forex:EUR-USD,forex,20260928T054604900545Z-5e05e298,1,lasso,0.012456820925597899,0.0041966700405173096,0.012456820925597899,1.0743463307374472,2.776183780421943,0.0024498999997983,0.010803499999383267,,3,0.0156545854474781,0.0156545854474781,
forex:EUR-USD,forex,20260928T054604900545Z-5e05e298,1,last_value,0.0022333333333333333,0.0011718930554163519,0.0022333333333333333,0.19127017219735346,0.5035853469413474,9.899999895424116e-06,9.699999888349945e-06,,3,0.0029999999999998,0.0029999999999998,
forex:EUR-USD,forex,20260928T054604900545Z-5e05e298,1,lstm,0.0339584877925697,0.010904522768888375,0.0339584877925697,2.9590288280975465,7.557975124451548,0.016201899999941764,0.0058112666668724,,3,0.0365227193943153,0.0365227193943153,
forex:EUR-USD,forex,20260928T054604900545Z-5e05e298,1,random_forest,0.0048399736589746995,0.001722529251713419,0.0048399736589746995,0.41613546374727184,1.0741779166547218,0.019032833333464266,0.0392319666667996,,3,0.0100551287637924,0.0100551287637924,
forex:EUR-USD,forex,20260928T054604900545Z-5e05e298,1,ridge,0.0032775882986442336,0.0007491599620650965,0.0032775882986442336,0.28111199628041533,0.7339532277671997,0.002400666667199333,0.05680960000002713,,3,0.0043636103518718,0.0043636103518718,
forex:EUR-USD,forex,20260928T054604900545Z-5e05e298,1,rnn,0.05595353216289823,0.011809710595605982,0.05595353216289823,4.9209736147872825,12.471502600180836,0.016848399999920067,0.004774066666565533,,3,0.0599267975383801,0.0599267975383801,
forex:EUR-USD,forex,20260928T054604900545Z-5e05e298,1,sarima,0.002634742372425,0.001881384459902489,0.002634742372425,0.22551743831753712,0.5962006457440208,0.020024866666365868,0.0014089666662280998,1.0,3,0.00330402239477,0.00330402239477,1.0
forex:EUR-USD,forex,20260928T054604900545Z-5e05e298,1,seasonal_naive,0.0091333333333333,0.0032020826556061425,0.0091333333333333,0.7852577422663177,2.040519718076282,8.899999860053262e-06,2.6866666606413975e-05,,3,0.0129999999999999,0.0129999999999999,
forex:EUR-USD,forex,20260928T054604900545Z-5e05e298,1,xgboost,0.0190954796473185,0.007099722912911431,0.0190954796473185,1.6531729211094588,4.243959433184784,0.011863999999756366,0.0121949333333759,,3,0.0276271450042724,0.0276271450042724,
forex:EUR-USD,forex,20260928T054604900545Z-5e05e298,5,arima,0.0080802557047294,0.0036837345882681258,0.0067262672204554995,0.5764414160190396,1.490584707804279,0.013236299999941034,0.0011437333329619,1.0,3,0.0037255957702402,0.0030408608985901,1.0
forex:EUR-USD,forex,20260928T054604900545Z-5e05e298,5,drift,0.008461304858129933,0.0021493511270392097,0.006783064581693333,0.5807019911978042,1.5141755181780276,9.433333313306017e-06,1.3366666583654782e-05,,3,0.0058723324933643,0.0049122012578617,
forex:EUR-USD,forex,20260928T054604900545Z-5e05e298,5,exponential_smoothing,0.0084763254649951,0.0021418596707963406,0.006795564433990267,0.5817743601468877,1.516877841616121,0.012344166666480265,0.0012560666667316334,,3,0.0058611105719555,0.0049024937708815,
forex:EUR-USD,forex,20260928T054604900545Z-5e05e298,5,gru,0.039254755282937134,0.017811356928483357,0.0386414945381258,3.3689737587088,8.564913289972838,0.032828366666763,0.009433199999572567,,3,0.0300513059749682,0.0299107963623996,
forex:EUR-USD,forex,20260928T054604900545Z-5e05e298,5,holt_winters,0.0085944332589114,0.00201846277489697,0.0069842305290445,0.5980310253189836,1.557347344332664,0.0637377666665391,0.0014445999998618335,,3,0.0054745103601751,0.0044759842833353,
forex:EUR-USD,forex,20260928T054604900545Z-5e05e298,5,lasso,0.029994791635479263,0.011600602942536817,0.028178853063836332,2.4451608159746168,6.250600310232805,0.0024498999997983,0.010803499999383267,,3,0.0261633390025487,0.0252096263421759,
forex:EUR-USD,forex,20260928T054604900545Z-5e05e298,5,last_value,0.0081630458331904,0.0038249214485852425,0.006793333333333267,0.5822182370865584,1.5050775429849332,9.899999895424116e-06,9.699999888349945e-06,,3,0.0037239763694202,0.00304,
forex:EUR-USD,forex,20260928T054604900545Z-5e05e298,5,lstm,0.038664557216702596,0.015715697285994017,0.03817562928775353,3.3259207138887006,8.468478155498456,0.016201899999941764,0.0058112666668724,,3,0.034373370161663,0.0342548564690935,
forex:EUR-USD,forex,20260928T054604900545Z-5e05e298,5,random_forest,0.011036929890498334,0.007149909416538351,0.0096348081593838,0.8275308556647173,2.1233694114889468,0.019032833333464266,0.0392319666667996,,3,0.0066248382119922,0.0056730772582754,
forex:EUR-USD,forex,20260928T054604900545Z-5e05e298,5,ridge,0.009575799668966668,0.0059657675577405,0.008362643202715767,0.7175538040756905,1.8463261943272335,0.002400666667199333,0.05680960000002713,,3,0.0031898606386792,0.0027466426849786,
forex:EUR-USD,forex,20260928T054604900545Z-5e05e298,5,rnn,0.05048075683176064,0.013322077743129958,0.05004005716903017,4.380734718650313,11.127626332163361,0.016848399999920067,0.004774066666565533,,3,0.0497133286478947,0.0493978616262024,
forex:EUR-USD,forex,20260928T054604900545Z-5e05e298,5,sarima,0.008511073886235733,0.003593822082454472,0.007167104803481366,0.6142235780886945,1.5893737581061291,0.020024866666365868,0.0014089666662280998,1.0,3,0.0038043476320552,0.0032990376987481,1.0
forex:EUR-USD,forex,20260928T054604900545Z-5e05e298,5,seasonal_naive,0.012527964349797333,0.007208131788147936,0.011613333333333331,0.9981386756841305,2.567601603986707,8.899999860053262e-06,2.6866666606413975e-05,,3,0.0084064261133967,0.0061999999999999,
forex:EUR-USD,forex,20260928T054604900545Z-5e05e298,5,xgboost,0.0321844524948273,0.017081436227313812,0.030662697130838967,2.6656769290142868,6.779933073651989,0.011863999999756366,0.0121949333333759,,3,0.0320318813598898,0.0319025772094726,
forex:EUR-USD,forex,20260928T054604900545Z-5e05e298,20,arima,0.0091659847065357,0.0035798010948712208,0.007388410798147033,0.6340271711928783,1.6441994099330304,0.013236299999941034,0.0011437333329619,1.0,3,0.0131266751119492,0.0107134402120771,1.0
forex:EUR-USD,forex,20260928T054604900545Z-5e05e298,20,drift,0.014508156133480067,0.006362110781041122,0.012937179364733232,1.1041081376089867,2.9015705483319203,9.433333313306017e-06,1.3366666583654782e-05,,3,0.023533366419495,0.0198488050314466,
forex:EUR-USD,forex,20260928T054604900545Z-5e05e298,20,exponential_smoothing,0.014500957102444067,0.006362639264640123,0.012933175875053,1.1037745092739375,2.900706825593641,0.012344166666480265,0.0012560666667316334,,3,0.0235209727103386,0.0198351187728456,
forex:EUR-USD,forex,20260928T054604900545Z-5e05e298,20,gru,0.0456117833024858,0.016626709980246672,0.044749634437443765,3.915445068031674,9.926533426132366,0.032828366666763,0.009433199999572567,,3,0.0277190600037166,0.0271332944986656,
forex:EUR-USD,forex,20260928T054604900545Z-5e05e298,20,holt_winters,0.014726538647076633,0.006081312531885058,0.013134984066120833,1.1209344134572563,2.945148385787613,0.0637377666665391,0.0014445999998618335,,3,0.0234815221353321,0.0197259218368996,
forex:EUR-USD,forex,20260928T054604900545Z-5e05e298,20,lasso,0.0411756884457578,0.010444107539854124,0.0396585247685713,3.4602802486630515,8.813011124934375,0.0024498999997983,0.010803499999383267,,3,0.0304153126527955,0.0296474745386041,
forex:EUR-USD,forex,20260928T054604900545Z-5e05e298,20,last_value,0.0092485225722873,0.003616385674238396,0.0074566666666666,0.6399134090518666,1.6588449345057932,9.899999895424116e-06,9.699999888349945e-06,,3,0.0131232998898905,0.01071,
forex:EUR-USD,forex,20260928T054604900545Z-5e05e298,20,lstm,0.04043079288160967,0.013776174523896751,0.039723768147726164,3.465673241816424,8.815102629316408,0.016201899999941764,0.0058112666668724,,3,0.0289369402656038,0.0281231964690598,
forex:EUR-USD,forex,20260928T054604900545Z-5e05e298,20,random_forest,0.011939827406662967,0.006378670447610606,0.010252129545060834,0.8813573657038711,2.265937607207079,0.019032833333464266,0.0392319666667996,,3,0.0087555804684536,0.0065189742472414,
forex:EUR-USD,forex,20260928T054604900545Z-5e05e298,20,ridge,0.010352499568113434,0.0048175659884213875,0.0086486788440509,0.7428895352464316,1.9154536270861058,0.002400666667199333,0.05680960000002713,,3,0.0104519526393464,0.008012685168151,
forex:EUR-USD,forex,20260928T054604900545Z-5e05e298,20,rnn,0.048515029155929805,0.011408763819167604,0.0479514342141378,4.196687561310099,10.66195272217408,0.016848399999920067,0.004774066666565533,,3,0.0407372067895835,0.0398034603852292,
forex:EUR-USD,forex,20260928T054604900545Z-5e05e298,20,sarima,0.0092222366992204,0.003684496597283505,0.007488843366605734,0.642571256706182,1.6677307636163052,0.020024866666365868,0.0014089666662280998,1.0,3,0.0135591498204615,0.0111930732675465,1.0
forex:EUR-USD,forex,20260928T054604900545Z-5e05e298,20,seasonal_naive,0.012015780006237533,0.006746632216339663,0.010523333333333301,0.9054407872541712,2.323577080121035,8.899999860053262e-06,2.6866666606413975e-05,,3,0.0104786449505649,0.00827,
forex:EUR-USD,forex,20260928T054604900545Z-5e05e298,20,xgboost,0.03615413914267923,0.016838515443542573,0.034706042938232366,3.023002317805678,7.69231078767798,0.011863999999756366,0.0121949333333759,,3,0.0266596736501624,0.0256704989910125,
oil:WTI-CUSHING-SPOT,oil,20260928T054607431058Z-28fa2e2c,1,arima,0.36208508783497945,0.3739696672817428,0.36208508783497945,0.5475471215788387,0.3367724541470327,0.004813700000037567,0.0014165000005353001,1.0,3,1.2169148952802828,1.2169148952802828,1.0
oil:WTI-CUSHING-SPOT,oil,20260928T054607431058Z-28fa2e2c,1,drift,0.36406388818153584,0.3805639264993205,0.36406388818153584,0.5490672751838902,0.33886807051273843,9.733333475499725e-06,1.3100000008610854e-05,,3,1.2919496855345969,1.2919496855345969,
oil:WTI-CUSHING-SPOT,oil,20260928T054607431058Z-28fa2e2c,1,exponential_smoothing,0.4984378664222741,0.3611903352773475,0.4984378664222741,0.7256056722921383,0.4648436842279729,0.015239633333294434,0.0013668333334255999,,3,1.29194978413949,1.29194978413949,
oil:WTI-CUSHING-SPOT,oil,20260928T054607431058Z-28fa2e2c,1,gru,3.030678763017652,3.4426998423730844,3.030678763017652,4.282960878969021,2.832134170082277,0.03434613333320157,0.010565233333181767,,3,0.0475948400594887,0.0475948400594887,
oil:WTI-CUSHING-SPOT,oil,20260928T054607431058Z-28fa2e2c,1,holt_winters,0.45900435859828786,0.4904806105744378,0.45900435859828786,0.6991110201520851,0.4265053941712024,0.07645810000000584,0.0020769333332281664,,3,1.363188853666422,1.363188853666422,
oil:WTI-CUSHING-SPOT,oil,20260928T054607431058Z-28fa2e2c,1,lasso,0.32332693375436367,0.07522834397480647,0.32332693375436367,0.4606790488407804,0.30016788685418727,0.002893333333607433,0.011824200000167632,,3,0.7451657127123212,0.7451657127123212,
oil:WTI-CUSHING-SPOT,oil,20260928T054607431058Z-28fa2e2c,1,last_value,0.34666666666666873,0.3323151115031251,0.34666666666666873,0.522268401376394,0.3223976566793106,1.366666704901339e-05,6.23333320011928e-06,,3,1.230000000000004,1.230000000000004,
oil:WTI-CUSHING-SPOT,oil,20260928T054607431058Z-28fa2e2c,1,lstm,3.5022056200565905,3.481885871436372,3.5022056200565905,4.988671982447222,3.272968798151213,0.017951433333412998,0.006239999999706866,,3,1.1845824280724315,1.1845824280724315,
oil:WTI-CUSHING-SPOT,oil,20260928T054607431058Z-28fa2e2c,1,random_forest,1.200990117803445,1.6231580062016344,1.200990117803445,1.6564870122826107,1.1246482797937536,0.019877499999893133,0.04651826666637737,,3,0.8987918027489883,0.8987918027489883,
oil:WTI-CUSHING-SPOT,oil,20260928T054607431058Z-28fa2e2c,1,ridge,0.19171986013222878,0.11936668226360089,0.19171986013222878,0.2777581847347706,0.17702976459141997,0.0026402333332952665,0.012557533333165302,,3,0.6500483819074105,0.6500483819074105,
oil:WTI-CUSHING-SPOT,oil,20260928T054607431058Z-28fa2e2c,1,rnn,5.088844818903027,4.568541031212286,5.088844818903027,7.350529457258247,4.750975923262296,0.018314200000228636,0.004983766666555266,,3,1.7697592970344689,1.7697592970344689,
oil:WTI-CUSHING-SPOT,oil,20260928T054607431058Z-28fa2e2c,1,sarima,0.3820950826584877,0.36047856015554114,0.3820950826584877,0.5772830941457632,0.3550432210081289,0.013360433333521765,0.0014537333330129334,1.0,3,1.2244220424932737,1.2244220424932737,1.0
oil:WTI-CUSHING-SPOT,oil,20260928T054607431058Z-28fa2e2c,1,seasonal_naive,2.569999999999998,3.8311747545628845,2.569999999999998,3.591266258012208,2.406777370416674,9.266666590216724e-06,1.6399999973752227e-05,,3,1.9200000000000017,1.9200000000000017,
oil:WTI-CUSHING-SPOT,oil,20260928T054607431058Z-28fa2e2c,1,xgboost,2.111298116048175,2.851465261519031,2.111298116048175,2.933661679618536,1.974876109912936,0.0112065666665633,0.012280966666670133,,3,0.124573364257813,0.124573364257813,
oil:WTI-CUSHING-SPOT,oil,20260928T054607431058Z-28fa2e2c,5,arima,3.491470135390118,4.134620499001149,3.089442767739967,4.402967279079893,2.884653661975113,0.004813700000037567,0.0014165000005353001,0.7333333333333334,3,0.7711531630691508,0.7053841182069718,1.0
oil:WTI-CUSHING-SPOT,oil,20260928T054607431058Z-28fa2e2c,5,drift,3.519761322861033,4.169942972904914,3.115524997877939,4.441274903241852,2.909734311654253,9.733333475499725e-06,1.3100000008610854e-05,,3,0.7624174083640544,0.670830188679244,
oil:WTI-CUSHING-SPOT,oil,20260928T054607431058Z-28fa2e2c,5,exponential_smoothing,3.9503231105631453,4.9128293694926315,3.5178813378383027,4.963222960778847,3.286943407895915,0.015239633333294434,0.0013668333334255999,,3,0.7624174360342737,0.6708301378842009,
oil:WTI-CUSHING-SPOT,oil,20260928T054607431058Z-28fa2e2c,5,gru,2.08807438318566,1.344724740722438,1.7211277110660486,2.5465127621759622,1.6047237542601487,0.03434613333320157,0.010565233333181767,,3,1.8501630645415852,1.528903480152718,
oil:WTI-CUSHING-SPOT,oil,20260928T054607431058Z-28fa2e2c,5,holt_winters,3.909175938708255,4.815508560475437,3.46305378930275,4.89957981793692,3.2361075668409214,0.07645810000000584,0.0020769333332281664,,3,0.7774928722281176,0.6625154377205291,
oil:WTI-CUSHING-SPOT,oil,20260928T054607431058Z-28fa2e2c,5,lasso,3.1232725129458863,3.6893974640843727,2.7744089353897206,3.9714105760229352,2.590776274566706,0.002893333333607433,0.011824200000167632,,3,1.1649276584047206,0.9911810892812412,
oil:WTI-CUSHING-SPOT,oil,20260928T054607431058Z-28fa2e2c,5,last_value,3.481505758101052,4.153678668898671,3.0820000000000007,4.390199860383549,2.877703113470107,1.366666704901339e-05,6.23333320011928e-06,,3,0.774131771728818,0.7079999999999984,
oil:WTI-CUSHING-SPOT,oil,20260928T054607431058Z-28fa2e2c,5,lstm,2.5412056006343686,1.4448360704567378,2.2006410620480574,3.2620556685016915,2.0510816496458317,0.017951433333412998,0.006239999999706866,,3,2.487334782136147,2.3450469551194546,
oil:WTI-CUSHING-SPOT,oil,20260928T054607431058Z-28fa2e2c,5,random_forest,2.31823621516671,2.3530321370574896,2.1391790099093413,3.106884940493741,1.995621492163451,0.019877499999893133,0.04651826666637737,,3,0.7075581401251771,0.6391057532302142,
oil:WTI-CUSHING-SPOT,oil,20260928T054607431058Z-28fa2e2c,5,ridge,3.0594969126756717,3.5656667402621376,2.695245014234049,3.8664515769901193,2.5167359989924867,0.0026402333332952665,0.012557533333165302,,3,1.2056061872586286,1.035857669918471,
oil:WTI-CUSHING-SPOT,oil,20260928T054607431058Z-28fa2e2c,5,rnn,2.940957307934075,1.911699994015383,2.312439289856202,3.428997378971161,2.1554245867603883,0.018314200000228636,0.004983766666555266,,3,2.5761125445318283,2.486905060316235,
oil:WTI-CUSHING-SPOT,oil,20260928T054607431058Z-28fa2e2c,5,sarima,3.713783922495891,4.474246611045262,3.2913191163103908,4.668789312282587,3.0734266621925888,0.013360433333521765,0.0014537333330129334,0.7333333333333334,3,0.7742405258879203,0.7070718597661525,1.0
oil:WTI-CUSHING-SPOT,oil,20260928T054607431058Z-28fa2e2c,5,seasonal_naive,3.2035642959002577,3.9659366741098667,3.031333333333333,4.326296911997786,2.833001124454516,9.266666590216724e-06,1.6399999973752227e-05,,3,1.071008870178019,0.8379999999999967,
oil:WTI-CUSHING-SPOT,oil,20260928T054607431058Z-28fa2e2c,5,xgboost,1.6796875493077847,1.4847661933092111,1.451784037272135,2.132785425937684,1.35544680216925,0.0112065666665633,0.012280966666670133,,3,1.304735404861949,1.0686284179687504,
oil:WTI-CUSHING-SPOT,oil,20260928T054607431058Z-28fa2e2c,20,arima,3.8855947132373028,3.602292168050645,3.6076129428564485,5.148727504458406,3.3623661890073,0.004813700000037567,0.0014165000005353001,0.8833333333333333,3,1.818256466055745,1.4316855845231555,1.0
oil:WTI-CUSHING-SPOT,oil,20260928T054607431058Z-28fa2e2c,20,drift,3.9288220825288867,3.713272974828571,3.6632660640013586,5.225042058647316,3.4163570843067954,9.733333475499725e-06,1.3100000008610854e-05,,3,1.531676603798165,1.158955974842766,
oil:WTI-CUSHING-SPOT,oil,20260928T054607431058Z-28fa2e2c,20,exponential_smoothing,5.390609495752901,6.224033665995445,5.070557716532162,6.9985525088283085,4.73569307308339,0.015239633333294434,0.0013668333334255999,,3,1.5316764209732183,1.1589557015931824,
oil:WTI-CUSHING-SPOT,oil,20260928T054607431058Z-28fa2e2c,20,gru,2.586441016738073,0.5008605818258525,2.2382593764461065,3.3629019254011694,2.0794726337954117,0.03434613333320157,0.010565233333181767,,3,3.4635612048461515,2.879345931994981,
oil:WTI-CUSHING-SPOT,oil,20260928T054607431058Z-28fa2e2c,20,holt_winters,5.250150524370011,5.961828133209499,4.924561139482857,6.822858865770915,4.599522576239692,0.07645810000000584,0.0020769333332281664,,3,1.5312414798989624,1.1362119450948776,
oil:WTI-CUSHING-SPOT,oil,20260928T054607431058Z-28fa2e2c,20,lasso,2.690754903872826,1.4185392200029456,2.0419537061123685,3.012551539282652,1.8978473889233431,0.002893333333607433,0.011824200000167632,,3,2.552603901888137,2.0595190514027037,
oil:WTI-CUSHING-SPOT,oil,20260928T054607431058Z-28fa2e2c,20,last_value,3.8859317292244735,3.611986903867421,3.6081666666666674,5.148593016856258,3.3628730657363817,1.366666704901339e-05,6.23333320011928e-06,,3,1.81457984117536,1.4289999999999985,
oil:WTI-CUSHING-SPOT,oil,20260928T054607431058Z-28fa2e2c,20,lstm,2.722540965924258,0.8912957793668842,2.3697791326734974,3.556289629737291,2.1999580031315147,0.017951433333412998,0.006239999999706866,,3,3.700641188375901,3.2322883355619267,
oil:WTI-CUSHING-SPOT,oil,20260928T054607431058Z-28fa2e2c,20,random_forest,2.431873440828142,1.408323670427188,2.127631589496046,3.131518238185819,1.9760986598657173,0.019877499999893133,0.04651826666637737,,3,1.8665320592703845,1.4677315219449247,
oil:WTI-CUSHING-SPOT,oil,20260928T054607431058Z-28fa2e2c,20,ridge,2.6367174689380555,1.3208774889336719,1.9924182721161265,2.944580615488414,1.8514707744756704,0.0026402333332952665,0.012557533333165302,,3,2.554346311663237,2.0640093781223525,
oil:WTI-CUSHING-SPOT,oil,20260928T054607431058Z-28fa2e2c,20,rnn,2.7603989747652595,0.6052361294033674,2.287758096580835,3.435196606710823,2.124133744126948,0.018314200000228636,0.004983766666555266,,3,3.568596177083872,3.1421457178972574,
oil:WTI-CUSHING-SPOT,oil,20260928T054607431058Z-28fa2e2c,20,sarima,4.1830778318130015,4.083337036434979,3.9049404957264393,5.538256280698964,3.640833140257918,0.013360433333521765,0.0014537333330129334,0.8833333333333333,3,1.811713914806148,1.4263395618329748,1.0
oil:WTI-CUSHING-SPOT,oil,20260928T054607431058Z-28fa2e2c,20,seasonal_naive,3.3359414496293325,2.7102526574043675,2.9201666666666672,4.208309255728632,2.7196598301711385,9.266666590216724e-06,1.6399999973752227e-05,,3,1.7962210331693589,1.3849999999999991,
oil:WTI-CUSHING-SPOT,oil,20260928T054607431058Z-28fa2e2c,20,xgboost,1.9685904016737226,0.4607111379413883,1.6456545155843099,2.4639521733554965,1.5267696346188238,0.0112065666665633,0.012280966666670133,,3,2.4726622006060044,2.015025817871094,
