asset_id,asset_class,run_id,horizon,model,rmse_mean,rmse_std,mae_mean,smape_mean,mase_mean,fit_seconds_mean,inference_seconds_mean,interval_coverage_mean,completed_folds,final_test_rmse,final_test_mae,final_test_interval_coverage,selection_score,baseline_score,baseline_mean
forex:EUR-USD,forex,20260928T054604900545Z-5e05e298,1,last_value,0.0022333333333333333,0.0011718930554163519,0.0022333333333333333,0.19127017219735346,0.5035853469413474,9.899999895424116e-06,9.699999888349945e-06,,3,0.0029999999999998,0.0029999999999998,,0.003405226388749685,0.003405226388749685,0.0022333333333333333
forex:EUR-USD,forex,20260928T054604900545Z-5e05e298,5,last_value,0.0081630458331904,0.0038249214485852425,0.006793333333333267,0.5822182370865584,1.5050775429849332,9.899999895424116e-06,9.699999888349945e-06,,3,0.0037239763694202,0.00304,,0.011987967281775641,0.011987967281775641,0.0081630458331904
forex:EUR-USD,forex,20260928T054604900545Z-5e05e298,20,last_value,0.0092485225722873,0.003616385674238396,0.0074566666666666,0.6399134090518666,1.6588449345057932,9.899999895424116e-06,9.699999888349945e-06,,3,0.0131232998898905,0.01071,,0.012864908246525695,0.012864908246525695,0.0092485225722873
oil:WTI-CUSHING-SPOT,oil,20260928T054607431058Z-28fa2e2c,1,ridge,0.19171986013222878,0.11936668226360089,0.19171986013222878,0.2777581847347706,0.17702976459141997,0.0026402333332952665,0.012557533333165302,,3,0.6500483819074105,0.6500483819074105,,0.31108654239582967,0.6789817781697938,0.34666666666666873
oil:WTI-CUSHING-SPOT,oil,20260928T054607431058Z-28fa2e2c,20,xgboost,1.9685904016737226,0.4607111379413883,1.6456545155843099,2.4639521733554965,1.5267696346188238,0.0112065666665633,0.012280966666670133,,3,2.4726622006060044,2.015025817871094,,2.429301539615111,7.497918633091894,3.8859317292244735
oil:WTI-CUSHING-SPOT,oil,20260928T054607431058Z-28fa2e2c,5,xgboost,1.6796875493077847,1.4847661933092111,1.451784037272135,2.132785425937684,1.35544680216925,0.0112065666665633,0.012280966666670133,,3,1.304735404861949,1.0686284179687504,,3.164453742616996,7.635184426999723,3.481505758101052
equity:SPY,equity,20260928T054602477182Z-e456fc7a,1,last_value,3.1077067057291665,2.866015088886892,3.1077067057291665,0.5137240386675744,0.5747325441624277,1.2566666555358097e-05,7.466667132878986e-06,,3,0.80902099609375,0.80902099609375,,5.973721794616059,5.973721794616059,3.1077067057291665
equity:SPY,equity,20260928T054602477182Z-e456fc7a,5,last_value,8.423764355250485,5.391261384895267,7.65458984375,1.2610159501921758,1.3982325973157632,1.2566666555358097e-05,7.466667132878986e-06,,3,5.172930417748004,4.411572265625,,13.815025740145753,13.815025740145753,8.423764355250485
equity:SPY,equity,20260928T054602477182Z-e456fc7a,20,last_value,14.388302566982098,10.154740143107455,12.953444417317707,2.1205870841007117,2.355798295487965,1.2566666555358097e-05,7.466667132878986e-06,,3,8.160798975817665,6.98603515625,,24.54304271008955,24.54304271008955,14.388302566982098
crypto:BTC-USD,crypto,20260928T054600014613Z-2646b062,1,holt_winters,574.8984451925595,525.7196430817095,574.8984451925595,0.490772364745476,0.44965481976874416,0.07473559999986411,0.002049099999567233,,3,4323.1248115080525,4323.1248115080525,,1100.618088274269,1408.3303599100573,620.9266666666663
crypto:BTC-USD,crypto,20260928T054600014613Z-2646b062,5,last_value,1437.1291516849415,928.7559399842248,1038.808666666668,0.9008600762038457,0.8033483500138674,1.9099999917671084e-05,7.766666688742893e-06,,3,3065.491803936197,2744.0,,2365.8850916691663,2365.8850916691663,1437.1291516849415
crypto:BTC-USD,crypto,20260928T054600014613Z-2646b062,20,xgboost,3552.36373477203,750.3899407254899,2991.3137812499995,2.6182160486344785,2.305965432722918,0.23080813333338782,0.011969299999994534,,3,7606.214168383466,6190.0359375,,4302.75367549752,5555.142070764647,4056.026216067814
