asset_id,horizon,step,prediction,model,origin_timestamp,source_run_id,target
crypto:BTC-USD,1,1,116122.2589645501,holt_winters,2025-10-14T00:00:00+00:00,20260928T054600014613Z-2646b062,close
crypto:BTC-USD,5,1,115380.0,last_value,2025-10-14T00:00:00+00:00,20260928T054600014613Z-2646b062,close
crypto:BTC-USD,5,2,115380.0,last_value,2025-10-14T00:00:00+00:00,20260928T054600014613Z-2646b062,close
crypto:BTC-USD,5,3,115380.0,last_value,2025-10-14T00:00:00+00:00,20260928T054600014613Z-2646b062,close
crypto:BTC-USD,5,4,115380.0,last_value,2025-10-14T00:00:00+00:00,20260928T054600014613Z-2646b062,close
crypto:BTC-USD,5,5,115380.0,last_value,2025-10-14T00:00:00+00:00,20260928T054600014613Z-2646b062,close
crypto:BTC-USD,20,1,113624.4375,xgboost,2025-10-14T00:00:00+00:00,20260928T054600014613Z-2646b062,close
crypto:BTC-USD,20,2,112146.4765625,xgboost,2025-10-14T00:00:00+00:00,20260928T054600014613Z-2646b062,close
crypto:BTC-USD,20,3,112146.4765625,xgboost,2025-10-14T00:00:00+00:00,20260928T054600014613Z-2646b062,close
crypto:BTC-USD,20,4,112146.4765625,xgboost,2025-10-14T00:00:00+00:00,20260928T054600014613Z-2646b062,close
crypto:BTC-USD,20,5,112146.4765625,xgboost,2025-10-14T00:00:00+00:00,20260928T054600014613Z-2646b062,close
crypto:BTC-USD,20,6,111874.609375,xgboost,2025-10-14T00:00:00+00:00,20260928T054600014613Z-2646b062,close
crypto:BTC-USD,20,7,111874.609375,xgboost,2025-10-14T00:00:00+00:00,20260928T054600014613Z-2646b062,close
crypto:BTC-USD,20,8,111874.609375,xgboost,2025-10-14T00:00:00+00:00,20260928T054600014613Z-2646b062,close
crypto:BTC-USD,20,9,111874.609375,xgboost,2025-10-14T00:00:00+00:00,20260928T054600014613Z-2646b062,close
crypto:BTC-USD,20,10,111874.609375,xgboost,2025-10-14T00:00:00+00:00,20260928T054600014613Z-2646b062,close
crypto:BTC-USD,20,11,111874.609375,xgboost,2025-10-14T00:00:00+00:00,20260928T054600014613Z-2646b062,close
crypto:BTC-USD,20,12,111874.609375,xgboost,2025-10-14T00:00:00+00:00,20260928T054600014613Z-2646b062,close
crypto:BTC-USD,20,13,111874.609375,xgboost,2025-10-14T00:00:00+00:00,20260928T054600014613Z-2646b062,close
crypto:BTC-USD,20,14,111874.609375,xgboost,2025-10-14T00:00:00+00:00,20260928T054600014613Z-2646b062,close
crypto:BTC-USD,20,15,111874.609375,xgboost,2025-10-14T00:00:00+00:00,20260928T054600014613Z-2646b062,close
crypto:BTC-USD,20,16,111874.609375,xgboost,2025-10-14T00:00:00+00:00,20260928T054600014613Z-2646b062,close
crypto:BTC-USD,20,17,111874.609375,xgboost,2025-10-14T00:00:00+00:00,20260928T054600014613Z-2646b062,close
crypto:BTC-USD,20,18,111874.609375,xgboost,2025-10-14T00:00:00+00:00,20260928T054600014613Z-2646b062,close
crypto:BTC-USD,20,19,111874.609375,xgboost,2025-10-14T00:00:00+00:00,20260928T054600014613Z-2646b062,close
crypto:BTC-USD,20,20,111874.609375,xgboost,2025-10-14T00:00:00+00:00,20260928T054600014613Z-2646b062,close
equity:SPY,1,1,655.1616821289062,last_value,2025-10-14T00:00:00+00:00,20260928T054602477182Z-e456fc7a,adjusted_close
equity:SPY,5,1,655.1616821289062,last_value,2025-10-14T00:00:00+00:00,20260928T054602477182Z-e456fc7a,adjusted_close
equity:SPY,5,2,655.1616821289062,last_value,2025-10-14T00:00:00+00:00,20260928T054602477182Z-e456fc7a,adjusted_close
equity:SPY,5,3,655.1616821289062,last_value,2025-10-14T00:00:00+00:00,20260928T054602477182Z-e456fc7a,adjusted_close
equity:SPY,5,4,655.1616821289062,last_value,2025-10-14T00:00:00+00:00,20260928T054602477182Z-e456fc7a,adjusted_close
equity:SPY,5,5,655.1616821289062,last_value,2025-10-14T00:00:00+00:00,20260928T054602477182Z-e456fc7a,adjusted_close
equity:SPY,20,1,655.1616821289062,last_value,2025-10-14T00:00:00+00:00,20260928T054602477182Z-e456fc7a,adjusted_close
equity:SPY,20,2,655.1616821289062,last_value,2025-10-14T00:00:00+00:00,20260928T054602477182Z-e456fc7a,adjusted_close
equity:SPY,20,3,655.1616821289062,last_value,2025-10-14T00:00:00+00:00,20260928T054602477182Z-e456fc7a,adjusted_close
equity:SPY,20,4,655.1616821289062,last_value,2025-10-14T00:00:00+00:00,20260928T054602477182Z-e456fc7a,adjusted_close
equity:SPY,20,5,655.1616821289062,last_value,2025-10-14T00:00:00+00:00,20260928T054602477182Z-e456fc7a,adjusted_close
equity:SPY,20,6,655.1616821289062,last_value,2025-10-14T00:00:00+00:00,20260928T054602477182Z-e456fc7a,adjusted_close
equity:SPY,20,7,655.1616821289062,last_value,2025-10-14T00:00:00+00:00,20260928T054602477182Z-e456fc7a,adjusted_close
equity:SPY,20,8,655.1616821289062,last_value,2025-10-14T00:00:00+00:00,20260928T054602477182Z-e456fc7a,adjusted_close
equity:SPY,20,9,655.1616821289062,last_value,2025-10-14T00:00:00+00:00,20260928T054602477182Z-e456fc7a,adjusted_close
equity:SPY,20,10,655.1616821289062,last_value,2025-10-14T00:00:00+00:00,20260928T054602477182Z-e456fc7a,adjusted_close
equity:SPY,20,11,655.1616821289062,last_value,2025-10-14T00:00:00+00:00,20260928T054602477182Z-e456fc7a,adjusted_close
equity:SPY,20,12,655.1616821289062,last_value,2025-10-14T00:00:00+00:00,20260928T054602477182Z-e456fc7a,adjusted_close
equity:SPY,20,13,655.1616821289062,last_value,2025-10-14T00:00:00+00:00,20260928T054602477182Z-e456fc7a,adjusted_close
equity:SPY,20,14,655.1616821289062,last_value,2025-10-14T00:00:00+00:00,20260928T054602477182Z-e456fc7a,adjusted_close
equity:SPY,20,15,655.1616821289062,last_value,2025-10-14T00:00:00+00:00,20260928T054602477182Z-e456fc7a,adjusted_close
equity:SPY,20,16,655.1616821289062,last_value,2025-10-14T00:00:00+00:00,20260928T054602477182Z-e456fc7a,adjusted_close
equity:SPY,20,17,655.1616821289062,last_value,2025-10-14T00:00:00+00:00,20260928T054602477182Z-e456fc7a,adjusted_close
equity:SPY,20,18,655.1616821289062,last_value,2025-10-14T00:00:00+00:00,20260928T054602477182Z-e456fc7a,adjusted_close
equity:SPY,20,19,655.1616821289062,last_value,2025-10-14T00:00:00+00:00,20260928T054602477182Z-e456fc7a,adjusted_close
equity:SPY,20,20,655.1616821289062,last_value,2025-10-14T00:00:00+00:00,20260928T054602477182Z-e456fc7a,adjusted_close
forex:EUR-USD,1,1,1.1553,last_value,2025-10-14T00:00:00+00:00,20260928T054604900545Z-5e05e298,close
forex:EUR-USD,5,1,1.1553,last_value,2025-10-14T00:00:00+00:00,20260928T054604900545Z-5e05e298,close
forex:EUR-USD,5,2,1.1553,last_value,2025-10-14T00:00:00+00:00,20260928T054604900545Z-5e05e298,close
forex:EUR-USD,5,3,1.1553,last_value,2025-10-14T00:00:00+00:00,20260928T054604900545Z-5e05e298,close
forex:EUR-USD,5,4,1.1553,last_value,2025-10-14T00:00:00+00:00,20260928T054604900545Z-5e05e298,close
forex:EUR-USD,5,5,1.1553,last_value,2025-10-14T00:00:00+00:00,20260928T054604900545Z-5e05e298,close
forex:EUR-USD,20,1,1.1553,last_value,2025-10-14T00:00:00+00:00,20260928T054604900545Z-5e05e298,close
forex:EUR-USD,20,2,1.1553,last_value,2025-10-14T00:00:00+00:00,20260928T054604900545Z-5e05e298,close
forex:EUR-USD,20,3,1.1553,last_value,2025-10-14T00:00:00+00:00,20260928T054604900545Z-5e05e298,close
forex:EUR-USD,20,4,1.1553,last_value,2025-10-14T00:00:00+00:00,20260928T054604900545Z-5e05e298,close
forex:EUR-USD,20,5,1.1553,last_value,2025-10-14T00:00:00+00:00,20260928T054604900545Z-5e05e298,close
forex:EUR-USD,20,6,1.1553,last_value,2025-10-14T00:00:00+00:00,20260928T054604900545Z-5e05e298,close
forex:EUR-USD,20,7,1.1553,last_value,2025-10-14T00:00:00+00:00,20260928T054604900545Z-5e05e298,close
forex:EUR-USD,20,8,1.1553,last_value,2025-10-14T00:00:00+00:00,20260928T054604900545Z-5e05e298,close
forex:EUR-USD,20,9,1.1553,last_value,2025-10-14T00:00:00+00:00,20260928T054604900545Z-5e05e298,close
forex:EUR-USD,20,10,1.1553,last_value,2025-10-14T00:00:00+00:00,20260928T054604900545Z-5e05e298,close
forex:EUR-USD,20,11,1.1553,last_value,2025-10-14T00:00:00+00:00,20260928T054604900545Z-5e05e298,close
forex:EUR-USD,20,12,1.1553,last_value,2025-10-14T00:00:00+00:00,20260928T054604900545Z-5e05e298,close
forex:EUR-USD,20,13,1.1553,last_value,2025-10-14T00:00:00+00:00,20260928T054604900545Z-5e05e298,close
forex:EUR-USD,20,14,1.1553,last_value,2025-10-14T00:00:00+00:00,20260928T054604900545Z-5e05e298,close
forex:EUR-USD,20,15,1.1553,last_value,2025-10-14T00:00:00+00:00,20260928T054604900545Z-5e05e298,close
forex:EUR-USD,20,16,1.1553,last_value,2025-10-14T00:00:00+00:00,20260928T054604900545Z-5e05e298,close
forex:EUR-USD,20,17,1.1553,last_value,2025-10-14T00:00:00+00:00,20260928T054604900545Z-5e05e298,close
forex:EUR-USD,20,18,1.1553,last_value,2025-10-14T00:00:00+00:00,20260928T054604900545Z-5e05e298,close
forex:EUR-USD,20,19,1.1553,last_value,2025-10-14T00:00:00+00:00,20260928T054604900545Z-5e05e298,close
forex:EUR-USD,20,20,1.1553,last_value,2025-10-14T00:00:00+00:00,20260928T054604900545Z-5e05e298,close
oil:WTI-CUSHING-SPOT,1,1,59.50409535968928,ridge,2025-10-14T00:00:00+00:00,20260928T054607431058Z-28fa2e2c,close
oil:WTI-CUSHING-SPOT,20,1,63.210548400878906,xgboost,2025-10-14T00:00:00+00:00,20260928T054607431058Z-28fa2e2c,close
oil:WTI-CUSHING-SPOT,20,2,64.2802505493164,xgboost,2025-10-14T00:00:00+00:00,20260928T054607431058Z-28fa2e2c,close
oil:WTI-CUSHING-SPOT,20,3,64.69906616210938,xgboost,2025-10-14T00:00:00+00:00,20260928T054607431058Z-28fa2e2c,close
oil:WTI-CUSHING-SPOT,20,4,64.74769592285156,xgboost,2025-10-14T00:00:00+00:00,20260928T054607431058Z-28fa2e2c,close
oil:WTI-CUSHING-SPOT,20,5,64.74769592285156,xgboost,2025-10-14T00:00:00+00:00,20260928T054607431058Z-28fa2e2c,close
oil:WTI-CUSHING-SPOT,20,6,64.69906616210938,xgboost,2025-10-14T00:00:00+00:00,20260928T054607431058Z-28fa2e2c,close
oil:WTI-CUSHING-SPOT,20,7,64.69906616210938,xgboost,2025-10-14T00:00:00+00:00,20260928T054607431058Z-28fa2e2c,close
oil:WTI-CUSHING-SPOT,20,8,64.69906616210938,xgboost,2025-10-14T00:00:00+00:00,20260928T054607431058Z-28fa2e2c,close
oil:WTI-CUSHING-SPOT,20,9,64.69906616210938,xgboost,2025-10-14T00:00:00+00:00,20260928T054607431058Z-28fa2e2c,close
oil:WTI-CUSHING-SPOT,20,10,64.69906616210938,xgboost,2025-10-14T00:00:00+00:00,20260928T054607431058Z-28fa2e2c,close
oil:WTI-CUSHING-SPOT,20,11,64.69906616210938,xgboost,2025-10-14T00:00:00+00:00,20260928T054607431058Z-28fa2e2c,close
oil:WTI-CUSHING-SPOT,20,12,64.69906616210938,xgboost,2025-10-14T00:00:00+00:00,20260928T054607431058Z-28fa2e2c,close
oil:WTI-CUSHING-SPOT,20,13,64.69906616210938,xgboost,2025-10-14T00:00:00+00:00,20260928T054607431058Z-28fa2e2c,close
oil:WTI-CUSHING-SPOT,20,14,64.69906616210938,xgboost,2025-10-14T00:00:00+00:00,20260928T054607431058Z-28fa2e2c,close
oil:WTI-CUSHING-SPOT,20,15,64.69906616210938,xgboost,2025-10-14T00:00:00+00:00,20260928T054607431058Z-28fa2e2c,close
oil:WTI-CUSHING-SPOT,20,16,64.69906616210938,xgboost,2025-10-14T00:00:00+00:00,20260928T054607431058Z-28fa2e2c,close
oil:WTI-CUSHING-SPOT,20,17,64.69906616210938,xgboost,2025-10-14T00:00:00+00:00,20260928T054607431058Z-28fa2e2c,close
oil:WTI-CUSHING-SPOT,20,18,64.69906616210938,xgboost,2025-10-14T00:00:00+00:00,20260928T054607431058Z-28fa2e2c,close
oil:WTI-CUSHING-SPOT,20,19,64.69906616210938,xgboost,2025-10-14T00:00:00+00:00,20260928T054607431058Z-28fa2e2c,close
oil:WTI-CUSHING-SPOT,20,20,64.69906616210938,xgboost,2025-10-14T00:00:00+00:00,20260928T054607431058Z-28fa2e2c,close
oil:WTI-CUSHING-SPOT,5,1,63.210548400878906,xgboost,2025-10-14T00:00:00+00:00,20260928T054607431058Z-28fa2e2c,close
oil:WTI-CUSHING-SPOT,5,2,64.2802505493164,xgboost,2025-10-14T00:00:00+00:00,20260928T054607431058Z-28fa2e2c,close
oil:WTI-CUSHING-SPOT,5,3,64.69906616210938,xgboost,2025-10-14T00:00:00+00:00,20260928T054607431058Z-28fa2e2c,close
oil:WTI-CUSHING-SPOT,5,4,64.74769592285156,xgboost,2025-10-14T00:00:00+00:00,20260928T054607431058Z-28fa2e2c,close
oil:WTI-CUSHING-SPOT,5,5,64.74769592285156,xgboost,2025-10-14T00:00:00+00:00,20260928T054607431058Z-28fa2e2c,close
